Song,Date,Times Streamed
Shape of You,06/01/17,12287078
Shape of You,07/01/17,13190270
Shape of You,08/01/17,13099919
Shape of You,09/01/17,14506351
Shape of You,10/01/17,14275628
Shape of You,11/01/17,14372699
Shape of You,12/01/17,14148108
Shape of You,13/01/17,14536236
Shape of You,14/01/17,14173311
Shape of You,15/01/17,12889849
Shape of You,16/01/17,14128468
Shape of You,17/01/17,14158281
Shape of You,18/01/17,14293365
Shape of You,19/01/17,14252159
Shape of You,20/01/17,14583344
Shape of You,21/01/17,14100340
Shape of You,22/01/17,12834029
Shape of You,23/01/17,14102623
Shape of You,24/01/17,14322902
Shape of You,25/01/17,14505619
Shape of You,26/01/17,14780816
Shape of You,27/01/17,15514586
Shape of You,28/01/17,14832215
Shape of You,29/01/17,13064919
Shape of You,30/01/17,14231127
Shape of You,31/01/17,14822928
Shape of You,01/02/17,15082574
Shape of You,02/02/17,15188841
Shape of You,03/02/17,15746115
Shape of You,04/02/17,15466788
Shape of You,05/02/17,13921836
Shape of You,06/02/17,14262945
Shape of You,07/02/17,14901649
Shape of You,08/02/17,15100809
Shape of You,09/02/17,14933036
Shape of You,10/02/17,15552934
Shape of You,11/02/17,15413871
Shape of You,12/02/17,13676618
Shape of You,13/02/17,14674584
Shape of You,14/02/17,15008480
Shape of You,15/02/17,15102932
Shape of You,16/02/17,15131464
Shape of You,17/02/17,15956427
Shape of You,18/02/17,15695805
Shape of You,19/02/17,13745624
Shape of You,20/02/17,14372218
Shape of You,21/02/17,14518094
Shape of You,22/02/17,14620249
Shape of You,23/02/17,7409446
Shape of You,24/02/17,15502723
Shape of You,25/02/17,15250574
Shape of You,26/02/17,13154470
Shape of You,27/02/17,13732236
Shape of You,28/02/17,14104281
Shape of You,01/03/17,14387674
Shape of You,02/03/17,14637424
Shape of You,03/03/17,19764745
Shape of You,04/03/17,19190515
Shape of You,05/03/17,16894102
Shape of You,06/03/17,8920869
Shape of You,07/03/17,17783792
Shape of You,08/03/17,17461176
Shape of You,09/03/17,17374877
Shape of You,10/03/17,17683148
Shape of You,11/03/17,17314324
Shape of You,12/03/17,15271883
Shape of You,13/03/17,15696357
Shape of You,14/03/17,15429469
Shape of You,15/03/17,15394529
Shape of You,16/03/17,15322277
Shape of You,17/03/17,15764710
Shape of You,18/03/17,15516325
Shape of You,19/03/17,13569145
Shape of You,20/03/17,13967401
Shape of You,21/03/17,14085438
Shape of You,22/03/17,14114195
Shape of You,23/03/17,14071898
Shape of You,24/03/17,14738207
Shape of You,25/03/17,14844704
Shape of You,26/03/17,12775012
Shape of You,27/03/17,13323435
Shape of You,28/03/17,13350066
Shape of You,29/03/17,13327608
Shape of You,30/03/17,13278707
Shape of You,31/03/17,13857236
Shape of You,01/04/17,13618632
Shape of You,02/04/17,11955149
Shape of You,03/04/17,12298714
Shape of You,04/04/17,12357088
Shape of You,05/04/17,12273297
Shape of You,06/04/17,12231223
Shape of You,07/04/17,13042637
Shape of You,08/04/17,12815920
Shape of You,09/04/17,11291392
Shape of You,10/04/17,11819128
Shape of You,11/04/17,11736951
Shape of You,12/04/17,11716914
Shape of You,13/04/17,11958775
Shape of You,14/04/17,11443718
Shape of You,15/04/17,11042206
Shape of You,16/04/17,10010095
Shape of You,17/04/17,10765545
Shape of You,18/04/17,11003682
Shape of You,19/04/17,10766018
Shape of You,20/04/17,10826572
Shape of You,21/04/17,11324112
Shape of You,22/04/17,11234996
Shape of You,23/04/17,9744436
Shape of You,24/04/17,10226555
Shape of You,25/04/17,10416529
Shape of You,26/04/17,10483469
Shape of You,27/04/17,10222461
Shape of You,28/04/17,10818508
Shape of You,29/04/17,10836688
Shape of You,30/04/17,9754326
Shape of You,01/05/17,9593805
Shape of You,02/05/17,9706051
Shape of You,03/05/17,9888519
Shape of You,04/05/17,9934971
Shape of You,05/05/17,10520138
Shape of You,06/05/17,10555302
Shape of You,07/05/17,9168672
Shape of You,08/05/17,9483810
Shape of You,09/05/17,9701644
Shape of You,10/05/17,9675779
Shape of You,11/05/17,9560953
Shape of You,12/05/17,10105739
Shape of You,13/05/17,10077677
Shape of You,14/05/17,8671832
Shape of You,15/05/17,9081859
Shape of You,16/05/17,9374428
Shape of You,17/05/17,9287237
Shape of You,18/05/17,9162677
Shape of You,19/05/17,9687373
Shape of You,20/05/17,9587491
Shape of You,21/05/17,8099936
Shape of You,22/05/17,8306796
Shape of You,23/05/17,8482709
Shape of You,24/05/17,8689525
Shape of You,25/05/17,8745570
Shape of You,26/05/17,9285005
Shape of You,27/05/17,8968725
Shape of You,28/05/17,7797390
Shape of You,29/05/17,7968074
Shape of You,01/06/17,8270321
Shape of You,03/06/17,8383160
Shape of You,04/06/17,7292429
Shape of You,05/06/17,7564274
Shape of You,06/06/17,7733799
Shape of You,07/06/17,7991347
Shape of You,08/06/17,8038934
Shape of You,09/06/17,8347951
Shape of You,10/06/17,8294822
Shape of You,11/06/17,7209910
Shape of You,12/06/17,7471696
Shape of You,13/06/17,7649602
Shape of You,14/06/17,7791397
Shape of You,15/06/17,7788117
Shape of You,16/06/17,8108408
Shape of You,17/06/17,8124731
Shape of You,18/06/17,7062291
Shape of You,19/06/17,7222278
Shape of You,20/06/17,7322216
Shape of You,21/06/17,7320808
Shape of You,22/06/17,7414811
Shape of You,23/06/17,7790331
Shape of You,24/06/17,7435279
Shape of You,25/06/17,6464995
Shape of You,26/06/17,6899036
Shape of You,27/06/17,6956048
Shape of You,28/06/17,6948876
Shape of You,29/06/17,6979147
Shape of You,30/06/17,7418266
Shape of You,01/07/17,7286405
Shape of You,02/07/17,6291781
Shape of You,03/07/17,6658379
Shape of You,04/07/17,6945239
Shape of You,05/07/17,6889862
Shape of You,06/07/17,6864039
Shape of You,07/07/17,7165776
Shape of You,08/07/17,7083965
Shape of You,09/07/17,6192566
Shape of You,10/07/17,6545599
Shape of You,11/07/17,6591634
Shape of You,12/07/17,6604220
Shape of You,13/07/17,6670011
Shape of You,14/07/17,6873986
Shape of You,15/07/17,6675732
Shape of You,16/07/17,5780812
Shape of You,17/07/17,6270412
Shape of You,18/07/17,6332080
Shape of You,19/07/17,6321482
Shape of You,20/07/17,6345232
Shape of You,21/07/17,6584434
Shape of You,22/07/17,6419125
Shape of You,23/07/17,5593737
Shape of You,24/07/17,5971241
Shape of You,25/07/17,6084365
Shape of You,26/07/17,6036253
Shape of You,27/07/17,6136793
Shape of You,28/07/17,6392647
Shape of You,29/07/17,6219539
Shape of You,30/07/17,5438809
Shape of You,31/07/17,5807756
Shape of You,01/08/17,5837671
Shape of You,02/08/17,5816421
Shape of You,03/08/17,5813934
Shape of You,04/08/17,6007623
Shape of You,05/08/17,5853156
Shape of You,06/08/17,5161329
Shape of You,07/08/17,5463623
Shape of You,08/08/17,5503197
Shape of You,09/08/17,5577100
Shape of You,10/08/17,5609356
Shape of You,11/08/17,5821842
Shape of You,12/08/17,5690637
Shape of You,13/08/17,5048734
Shape of You,14/08/17,5356407
Shape of You,15/08/17,5324014
Shape of You,16/08/17,5340468
Shape of You,17/08/17,5354799
Shape of You,18/08/17,5612592
Shape of You,19/08/17,5521995
Shape of You,20/08/17,4877951
Shape of You,21/08/17,5053891
Shape of You,22/08/17,5190960
Shape of You,23/08/17,5213331
Shape of You,24/08/17,5192733
Shape of You,25/08/17,5372132
Shape of You,26/08/17,5398407
Shape of You,27/08/17,4639412
Shape of You,28/08/17,5052322
Shape of You,29/08/17,5069208
Shape of You,30/08/17,5073099
Shape of You,31/08/17,5004209
Shape of You,01/09/17,5211297
Shape of You,02/09/17,5184822
Shape of You,03/09/17,4565886
Shape of You,04/09/17,4707435
Shape of You,05/09/17,4695639
Shape of You,06/09/17,4760158
Shape of You,07/09/17,4826109
Shape of You,08/09/17,4910246
Shape of You,09/09/17,4811154
Shape of You,10/09/17,4198795
Shape of You,11/09/17,4361981
Shape of You,12/09/17,4449059
Shape of You,13/09/17,4486914
Shape of You,14/09/17,4625412
Shape of You,15/09/17,4857453
Shape of You,16/09/17,4811542
Shape of You,17/09/17,4217726
Shape of You,18/09/17,4438039
Shape of You,19/09/17,4449027
Shape of You,20/09/17,4450117
Shape of You,21/09/17,4511416
Shape of You,22/09/17,4803446
Shape of You,23/09/17,4811273
Shape of You,24/09/17,4173114
Shape of You,25/09/17,4300493
Shape of You,26/09/17,4382561
Shape of You,27/09/17,4432205
Shape of You,28/09/17,4407021
Shape of You,29/09/17,4612169
Shape of You,30/09/17,4528232
Shape of You,01/10/17,3909551
Shape of You,02/10/17,4127122
Shape of You,03/10/17,4237114
Shape of You,04/10/17,4271413
Shape of You,05/10/17,4245407
Shape of You,06/10/17,4514154
Shape of You,07/10/17,4495360
Shape of You,08/10/17,3910406
Shape of You,09/10/17,4087219
Shape of You,10/10/17,4101578
Shape of You,11/10/17,4132781
Shape of You,12/10/17,4192091
Shape of You,13/10/17,4438626
Shape of You,14/10/17,4405296
Shape of You,15/10/17,3875526
Shape of You,16/10/17,4014222
Shape of You,17/10/17,4048071
Shape of You,18/10/17,4098205
Shape of You,19/10/17,4123090
Shape of You,20/10/17,4375158
Shape of You,21/10/17,4313880
Shape of You,22/10/17,3759421
Shape of You,23/10/17,3966631
Shape of You,24/10/17,4042766
Shape of You,25/10/17,4092810
Shape of You,26/10/17,4116823
Shape of You,27/10/17,4313006
Shape of You,28/10/17,4197548
Shape of You,29/10/17,3668538
Shape of You,30/10/17,3884031
Shape of You,31/10/17,3926951
Shape of You,01/11/17,3819439
Shape of You,02/11/17,3938190
Shape of You,03/11/17,4144346
Shape of You,04/11/17,4044433
Shape of You,05/11/17,3567680
Shape of You,06/11/17,3695556
Shape of You,07/11/17,3803589
Shape of You,08/11/17,3857766
Shape of You,09/11/17,3896043
Shape of You,10/11/17,4160512
Shape of You,11/11/17,4169862
Shape of You,12/11/17,3658492
Shape of You,13/11/17,3701108
Shape of You,14/11/17,3829468
Shape of You,15/11/17,3940055
Shape of You,16/11/17,3914455
Shape of You,17/11/17,4133833
Shape of You,18/11/17,4110628
Shape of You,19/11/17,3666668
Shape of You,20/11/17,3741930
Shape of You,21/11/17,3796844
Shape of You,22/11/17,3887983
Shape of You,23/11/17,3831227
Shape of You,24/11/17,3934731
Shape of You,25/11/17,4037535
Shape of You,26/11/17,3607335
Shape of You,27/11/17,3651453
Shape of You,28/11/17,3754323
Shape of You,29/11/17,3869611
Shape of You,30/11/17,3887032
Shape of You,01/12/17,4088078
Shape of You,02/12/17,3973771
Shape of You,03/12/17,3497682
Shape of You,04/12/17,3608439
Shape of You,05/12/17,4025974
Shape of You,06/12/17,4486684
Shape of You,07/12/17,4956182
Shape of You,08/12/17,4923111
Shape of You,09/12/17,4730381
Shape of You,10/12/17,4088841
Shape of You,11/12/17,4182447
Shape of You,12/12/17,4303919
Shape of You,13/12/17,4358667
Shape of You,14/12/17,4369297
Shape of You,15/12/17,4514100
Shape of You,16/12/17,4463192
Shape of You,17/12/17,3917389
Shape of You,18/12/17,4071886
Shape of You,19/12/17,4274011
Shape of You,20/12/17,4436628
Shape of You,21/12/17,4510806
Shape of You,22/12/17,4516401
Shape of You,23/12/17,4392917
Shape of You,24/12/17,4115734
Shape of You,25/12/17,3575347
Shape of You,26/12/17,3874765
Shape of You,27/12/17,4393658
Shape of You,28/12/17,4531610
Shape of You,29/12/17,4661519
Shape of You,30/12/17,4707603
Shape of You,31/12/17,7073032
Shape of You,01/01/18,4865387
Shape of You,02/01/18,4541816
Shape of You,03/01/18,4596993
Shape of You,04/01/18,4447076
Shape of You,05/01/18,4492978
Shape of You,06/01/18,4416476
Shape of You,07/01/18,4009104
Shape of You,08/01/18,4135505
Shape of You,09/01/18,4168506
Despacito,13/01/17,275178
Despacito,14/01/17,1144886
Despacito,15/01/17,1288198
Despacito,16/01/17,1827581
Despacito,17/01/17,2177449
Despacito,18/01/17,2528408
Despacito,19/01/17,2893300
Despacito,20/01/17,3260014
Despacito,21/01/17,3853781
Despacito,22/01/17,3590914
Despacito,23/01/17,4217226
Despacito,24/01/17,4690718
Despacito,25/01/17,4975605
Despacito,26/01/17,5284138
Despacito,27/01/17,5787911
Despacito,28/01/17,6111181
Despacito,29/01/17,5292500
Despacito,30/01/17,5865825
Despacito,31/01/17,6415754
Despacito,01/02/17,6909578
Despacito,02/02/17,7154707
Despacito,03/02/17,7783608
Despacito,04/02/17,7960983
Despacito,05/02/17,6954006
Despacito,06/02/17,7117879
Despacito,07/02/17,7524853
Despacito,08/02/17,7654919
Despacito,09/02/17,7696998
Despacito,10/02/17,8041356
Despacito,11/02/17,8251406
Despacito,12/02/17,7104062
Despacito,13/02/17,7166431
Despacito,14/02/17,7352353
Despacito,15/02/17,7318174
Despacito,16/02/17,7436876
Despacito,17/02/17,7842114
Despacito,18/02/17,7958583
Despacito,19/02/17,6856240
Despacito,20/02/17,6882922
Despacito,21/02/17,7019868
Despacito,22/02/17,7069521
Despacito,23/02/17,3598449
Despacito,24/02/17,7718492
Despacito,25/02/17,7799662
Despacito,26/02/17,6542601
Despacito,27/02/17,6680914
Despacito,28/02/17,6894342
Despacito,01/03/17,6993754
Despacito,02/03/17,7124737
Despacito,03/03/17,7477002
Despacito,04/03/17,7578035
Despacito,05/03/17,6528616
Despacito,06/03/17,3209439
Despacito,07/03/17,6489893
Despacito,08/03/17,6481038
Despacito,09/03/17,6668838
Despacito,10/03/17,7151375
Despacito,11/03/17,7559157
Despacito,12/03/17,6483880
Despacito,13/03/17,6367631
Despacito,14/03/17,6530486
Despacito,15/03/17,6581381
Despacito,16/03/17,6744179
Despacito,17/03/17,7266069
Despacito,18/03/17,7537204
Despacito,19/03/17,6415819
Despacito,20/03/17,6261434
Despacito,21/03/17,6210215
Despacito,22/03/17,6274645
Despacito,23/03/17,6331494
Despacito,24/03/17,6914549
Despacito,25/03/17,7317552
Despacito,26/03/17,6167099
Despacito,27/03/17,6131439
Despacito,28/03/17,6292943
Despacito,29/03/17,6391751
Despacito,30/03/17,6487490
Despacito,31/03/17,6807668
Despacito,01/04/17,6889959
Despacito,02/04/17,5827083
Despacito,03/04/17,5679885
Despacito,04/04/17,5859633
Despacito,05/04/17,5865613
Despacito,06/04/17,5948378
Despacito,07/04/17,6533680
Despacito,08/04/17,6660608
Despacito,09/04/17,5683746
Despacito,10/04/17,5762588
Despacito,11/04/17,5877897
Despacito,12/04/17,6041766
Despacito,13/04/17,6327822
Despacito,14/04/17,5846681
Despacito,15/04/17,5617332
Despacito,16/04/17,5108739
Despacito,17/04/17,10236693
Despacito,18/04/17,13837155
Despacito,19/04/17,14530591
Despacito,20/04/17,15603034
Despacito,21/04/17,18076042
Despacito,22/04/17,17750769
Despacito,23/04/17,15592441
Despacito,24/04/17,17174198
Despacito,25/04/17,17794232
Despacito,26/04/17,18053510
Despacito,27/04/17,18150660
Despacito,28/04/17,20021846
Despacito,29/04/17,20266973
Despacito,30/04/17,18406851
Despacito,01/05/17,18367645
Despacito,02/05/17,18955297
Despacito,03/05/17,19322294
Despacito,04/05/17,19505497
Despacito,05/05/17,21169157
Despacito,06/05/17,21096685
Despacito,07/05/17,17895091
Despacito,08/05/17,19068836
Despacito,09/05/17,19772336
Despacito,10/05/17,19848833
Despacito,11/05/17,20017122
Despacito,12/05/17,21542862
Despacito,13/05/17,21606277
Despacito,14/05/17,18556585
Despacito,15/05/17,19750988
Despacito,16/05/17,20324830
Despacito,17/05/17,20380605
Despacito,18/05/17,20967686
Despacito,19/05/17,22169945
Despacito,20/05/17,22271168
Despacito,21/05/17,19291804
Despacito,22/05/17,19990671
Despacito,23/05/17,20206249
Despacito,24/05/17,21098792
Despacito,25/05/17,21620119
Despacito,26/05/17,23218183
Despacito,27/05/17,22744894
Despacito,28/05/17,19682193
Despacito,29/05/17,19119391
Despacito,01/06/17,20697677
Despacito,03/06/17,21339194
Despacito,04/06/17,18317216
Despacito,05/06/17,18579274
Despacito,06/06/17,18831975
Despacito,07/06/17,19089132
Despacito,08/06/17,19146578
Despacito,09/06/17,20414015
Despacito,10/06/17,20814279
Despacito,11/06/17,18061777
Despacito,12/06/17,18016294
Despacito,13/06/17,18247619
Despacito,14/06/17,18796844
Despacito,15/06/17,18859909
Despacito,16/06/17,19658830
Despacito,17/06/17,20358876
Despacito,18/06/17,17669708
Despacito,19/06/17,17678927
Despacito,20/06/17,18072968
Despacito,21/06/17,18266517
Despacito,22/06/17,18516324
Despacito,23/06/17,19704628
Despacito,24/06/17,19027255
Despacito,25/06/17,16317670
Despacito,26/06/17,16833985
Despacito,27/06/17,16828321
Despacito,28/06/17,16755069
Despacito,29/06/17,16738208
Despacito,30/06/17,18016506
Despacito,01/07/17,18100043
Despacito,02/07/17,15459004
Despacito,03/07/17,15717350
Despacito,04/07/17,16216181
Despacito,05/07/17,16234560
Despacito,06/07/17,16341451
Despacito,07/07/17,17408778
Despacito,08/07/17,17434310
Despacito,09/07/17,15209922
Despacito,10/07/17,15436463
Despacito,11/07/17,15492198
Despacito,12/07/17,15471584
Despacito,13/07/17,15702710
Despacito,14/07/17,16471127
Despacito,15/07/17,16549098
Despacito,16/07/17,14158281
Despacito,17/07/17,14458210
Despacito,18/07/17,14445760
Despacito,19/07/17,14533247
Despacito,20/07/17,14574866
Despacito,21/07/17,15290172
Despacito,22/07/17,15081889
Despacito,23/07/17,12900257
Despacito,24/07/17,12947182
Despacito,25/07/17,13083960
Despacito,26/07/17,12992407
Despacito,27/07/17,13000596
Despacito,28/07/17,13759811
Despacito,29/07/17,13667396
Despacito,30/07/17,11842229
Despacito,31/07/17,11996903
Despacito,01/08/17,12037931
Despacito,02/08/17,11974849
Despacito,03/08/17,11925165
Despacito,04/08/17,12565919
Despacito,05/08/17,12595568
Despacito,06/08/17,10971045
Despacito,07/08/17,11038928
Despacito,08/08/17,11026134
Despacito,09/08/17,11072469
Despacito,10/08/17,11077073
Despacito,11/08/17,11682964
Despacito,12/08/17,11541402
Despacito,13/08/17,10162818
Despacito,14/08/17,10227207
Despacito,15/08/17,10117908
Despacito,16/08/17,10112353
Despacito,17/08/17,10078390
Despacito,18/08/17,10632098
Despacito,19/08/17,10745228
Despacito,20/08/17,9347543
Despacito,21/08/17,9190645
Despacito,22/08/17,9345758
Despacito,23/08/17,9291811
Despacito,24/08/17,9112136
Despacito,25/08/17,9604864
Despacito,26/08/17,9830691
Despacito,27/08/17,8211357
Despacito,28/08/17,8245177
Despacito,29/08/17,8326055
Despacito,30/08/17,8289340
Despacito,31/08/17,8220587
Despacito,01/09/17,8851183
Despacito,02/09/17,8855437
Despacito,03/09/17,7634595
Despacito,04/09/17,7493172
Despacito,05/09/17,7304888
Despacito,06/09/17,7274460
Despacito,07/09/17,7319295
Despacito,08/09/17,7615512
Despacito,09/09/17,7678972
Despacito,10/09/17,6611073
Despacito,11/09/17,6438665
Despacito,12/09/17,6485427
Despacito,13/09/17,6372277
Despacito,14/09/17,6392424
Despacito,15/09/17,6897461
Despacito,16/09/17,7115121
Despacito,17/09/17,6217801
Despacito,18/09/17,6079504
Despacito,19/09/17,5845989
Despacito,20/09/17,5696752
Despacito,21/09/17,5804669
Despacito,22/09/17,6287200
Despacito,23/09/17,6457167
Despacito,24/09/17,5543199
Despacito,25/09/17,5294767
Despacito,26/09/17,5328387
Despacito,27/09/17,5405673
Despacito,28/09/17,5451463
Despacito,29/09/17,5887270
Despacito,30/09/17,5934154
Despacito,01/10/17,5047240
Despacito,02/10/17,4914458
Despacito,03/10/17,4800023
Despacito,04/10/17,4817960
Despacito,05/10/17,5017664
Despacito,06/10/17,5298530
Despacito,07/10/17,5611556
Despacito,08/10/17,4812894
Despacito,09/10/17,4476628
Despacito,10/10/17,4399014
Despacito,11/10/17,4426403
Despacito,12/10/17,4476909
Despacito,13/10/17,4864863
Despacito,14/10/17,5175338
Despacito,15/10/17,4532672
Despacito,16/10/17,4220968
Despacito,17/10/17,4203320
Despacito,18/10/17,4126287
Despacito,19/10/17,4176623
Despacito,20/10/17,4551204
Despacito,21/10/17,4680268
Despacito,22/10/17,3957884
Despacito,23/10/17,3837990
Despacito,24/10/17,3906281
Despacito,25/10/17,3979854
Despacito,26/10/17,4010417
Despacito,27/10/17,4328256
Despacito,28/10/17,4612204
Despacito,29/10/17,3796560
Despacito,30/10/17,3642564
Despacito,31/10/17,3888958
Despacito,01/11/17,3662143
Despacito,02/11/17,3700892
Despacito,03/11/17,4010977
Despacito,04/11/17,4020957
Despacito,05/11/17,3358109
Despacito,06/11/17,3133130
Despacito,07/11/17,3069122
Despacito,08/11/17,3188437
Despacito,09/11/17,3360350
Despacito,10/11/17,3555034
Despacito,11/11/17,3762636
Despacito,12/11/17,3234510
Despacito,13/11/17,2995731
Despacito,14/11/17,3106599
Despacito,15/11/17,3228922
Despacito,16/11/17,3184255
Despacito,17/11/17,3644654
Despacito,18/11/17,3922003
Despacito,19/11/17,3343278
Despacito,20/11/17,3046317
Despacito,21/11/17,3089118
Despacito,22/11/17,3123134
Despacito,23/11/17,2979721
Despacito,24/11/17,3056587
Despacito,25/11/17,3277689
Despacito,26/11/17,2809414
Despacito,27/11/17,2590998
Despacito,28/11/17,2641420
Despacito,29/11/17,2717354
Despacito,30/11/17,2661182
Despacito,01/12/17,2774406
Despacito,02/12/17,2967287
Despacito,03/12/17,2459963
Despacito,04/12/17,2300997
Despacito,05/12/17,2862451
Despacito,06/12/17,3356051
Despacito,07/12/17,3962757
Despacito,08/12/17,4094943
Despacito,09/12/17,3959109
Despacito,10/12/17,3140477
Despacito,11/12/17,2966875
Despacito,12/12/17,3233276
Despacito,13/12/17,3314040
Despacito,14/12/17,3325530
Despacito,15/12/17,3361095
Despacito,16/12/17,3489922
Despacito,17/12/17,2961518
Despacito,18/12/17,2781199
Despacito,19/12/17,3003114
Despacito,20/12/17,3154413
Despacito,21/12/17,3240941
Despacito,22/12/17,3336412
Despacito,23/12/17,3332468
Despacito,24/12/17,3084918
Despacito,25/12/17,2945233
Despacito,26/12/17,3008858
Despacito,27/12/17,3463788
Despacito,28/12/17,3498889
Despacito,29/12/17,3661065
Despacito,30/12/17,3912257
Despacito,31/12/17,8203454
Despacito,01/01/18,5557165
Despacito,02/01/18,3980200
Despacito,03/01/18,3890385
Despacito,04/01/18,3512667
Despacito,05/01/18,3450315
Despacito,06/01/18,3394284
Despacito,07/01/18,3020789
Despacito,08/01/18,2755266
Despacito,09/01/18,2791601
Something Just Like This,22/02/17,215591
Something Just Like This,23/02/17,3263782
Something Just Like This,24/02/17,9495750
Something Just Like This,25/02/17,8913284
Something Just Like This,26/02/17,7892395
Something Just Like This,27/02/17,8740161
Something Just Like This,28/02/17,9025822
Something Just Like This,01/03/17,9154085
Something Just Like This,02/03/17,9289514
Something Just Like This,03/03/17,9086940
Something Just Like This,04/03/17,8391513
Something Just Like This,05/03/17,7459124
Something Just Like This,06/03/17,4108745
Something Just Like This,07/03/17,8473791
Something Just Like This,08/03/17,8372886
Something Just Like This,09/03/17,8585554
Something Just Like This,10/03/17,8696911
Something Just Like This,11/03/17,8381828
Something Just Like This,12/03/17,7492200
Something Just Like This,13/03/17,8053150
Something Just Like This,14/03/17,8036502
Something Just Like This,15/03/17,8066840
Something Just Like This,16/03/17,8153047
Something Just Like This,17/03/17,8214961
Something Just Like This,18/03/17,7972276
Something Just Like This,19/03/17,7116930
Something Just Like This,20/03/17,7484192
Something Just Like This,21/03/17,7652882
Something Just Like This,22/03/17,7704366
Something Just Like This,23/03/17,7683797
Something Just Like This,24/03/17,8016284
Something Just Like This,25/03/17,7949671
Something Just Like This,26/03/17,6919854
Something Just Like This,27/03/17,7467563
Something Just Like This,28/03/17,7690071
Something Just Like This,29/03/17,7722621
Something Just Like This,30/03/17,7718109
Something Just Like This,31/03/17,8102263
Something Just Like This,01/04/17,7773710
Something Just Like This,02/04/17,6926595
Something Just Like This,03/04/17,7420502
Something Just Like This,04/04/17,7554846
Something Just Like This,05/04/17,7573175
Something Just Like This,06/04/17,7588367
Something Just Like This,07/04/17,9736931
Something Just Like This,08/04/17,9334494
Something Just Like This,09/04/17,8077875
Something Just Like This,10/04/17,8678774
Something Just Like This,11/04/17,8591469
Something Just Like This,12/04/17,8590463
Something Just Like This,13/04/17,8553816
Something Just Like This,14/04/17,8048741
Something Just Like This,15/04/17,7450464
Something Just Like This,16/04/17,6713215
Something Just Like This,17/04/17,7481411
Something Just Like This,18/04/17,7720202
Something Just Like This,19/04/17,7608793
Something Just Like This,20/04/17,7578070
Something Just Like This,21/04/17,7818554
Something Just Like This,22/04/17,7449324
Something Just Like This,23/04/17,6498748
Something Just Like This,24/04/17,7108710
Something Just Like This,25/04/17,7215107
Something Just Like This,26/04/17,7252547
Something Just Like This,27/04/17,7135760
Something Just Like This,28/04/17,7545200
Something Just Like This,29/04/17,7228232
Something Just Like This,30/04/17,6545783
Something Just Like This,01/05/17,6596730
Something Just Like This,02/05/17,6846097
Something Just Like This,03/05/17,6931541
Something Just Like This,04/05/17,6935114
Something Just Like This,05/05/17,7238272
Something Just Like This,06/05/17,6959582
Something Just Like This,07/05/17,6075220
Something Just Like This,08/05/17,6592512
Something Just Like This,09/05/17,6686915
Something Just Like This,10/05/17,6653322
Something Just Like This,11/05/17,6658910
Something Just Like This,12/05/17,7013481
Something Just Like This,13/05/17,6678893
Something Just Like This,14/05/17,5758414
Something Just Like This,15/05/17,6283248
Something Just Like This,16/05/17,6344965
Something Just Like This,17/05/17,6017925
Something Just Like This,18/05/17,5836777
Something Just Like This,19/05/17,6103377
Something Just Like This,20/05/17,5882114
Something Just Like This,21/05/17,5144732
Something Just Like This,22/05/17,5526221
Something Just Like This,23/05/17,5583887
Something Just Like This,24/05/17,5753065
Something Just Like This,25/05/17,5779886
Something Just Like This,26/05/17,6101814
Something Just Like This,27/05/17,5699766
Something Just Like This,28/05/17,5021231
Something Just Like This,29/05/17,5251779
Something Just Like This,01/06/17,5495998
Something Just Like This,03/06/17,5264998
Something Just Like This,04/06/17,4665442
Something Just Like This,05/06/17,5213153
Something Just Like This,06/06/17,5317735
Something Just Like This,07/06/17,5401157
Something Just Like This,08/06/17,5359403
Something Just Like This,09/06/17,5555463
Something Just Like This,10/06/17,5298619
Something Just Like This,11/06/17,4655866
Something Just Like This,12/06/17,4983829
Something Just Like This,13/06/17,5096237
Something Just Like This,14/06/17,5230213
Something Just Like This,15/06/17,5240236
Something Just Like This,16/06/17,5431826
Something Just Like This,17/06/17,5254454
Something Just Like This,18/06/17,4607159
Something Just Like This,19/06/17,4899566
Something Just Like This,20/06/17,4945979
Something Just Like This,21/06/17,4991918
Something Just Like This,22/06/17,5028154
Something Just Like This,23/06/17,5221599
Something Just Like This,24/06/17,4808014
Something Just Like This,25/06/17,4245668
Something Just Like This,26/06/17,4719520
Something Just Like This,27/06/17,4756455
Something Just Like This,28/06/17,4733774
Something Just Like This,29/06/17,4737784
Something Just Like This,30/06/17,5002806
Something Just Like This,01/07/17,4774843
Something Just Like This,02/07/17,4141816
Something Just Like This,03/07/17,4513399
Something Just Like This,04/07/17,4842624
Something Just Like This,05/07/17,4787127
Something Just Like This,06/07/17,4714461
Something Just Like This,07/07/17,4938822
Something Just Like This,08/07/17,4676309
Something Just Like This,09/07/17,4113499
Something Just Like This,10/07/17,4457975
Something Just Like This,11/07/17,4481153
Something Just Like This,12/07/17,4527169
Something Just Like This,13/07/17,4555915
Something Just Like This,14/07/17,4727981
Something Just Like This,15/07/17,4480897
Something Just Like This,16/07/17,3878012
Something Just Like This,17/07/17,4215697
Something Just Like This,18/07/17,4235126
Something Just Like This,19/07/17,4198519
Something Just Like This,20/07/17,4196855
Something Just Like This,21/07/17,4324180
Something Just Like This,22/07/17,4128746
Something Just Like This,23/07/17,3592715
Something Just Like This,24/07/17,3898377
Something Just Like This,25/07/17,3966279
Something Just Like This,26/07/17,3942363
Something Just Like This,27/07/17,4011774
Something Just Like This,28/07/17,4177788
Something Just Like This,29/07/17,3980576
Something Just Like This,30/07/17,3485531
Something Just Like This,31/07/17,3831588
Something Just Like This,01/08/17,3873641
Something Just Like This,02/08/17,3835236
Something Just Like This,03/08/17,3809888
Something Just Like This,04/08/17,3952948
Something Just Like This,05/08/17,3762743
Something Just Like This,06/08/17,3303766
Something Just Like This,07/08/17,3601600
Something Just Like This,08/08/17,3617536
Something Just Like This,09/08/17,3679142
Something Just Like This,10/08/17,3704051
Something Just Like This,11/08/17,3826441
Something Just Like This,12/08/17,3608592
Something Just Like This,13/08/17,3227925
Something Just Like This,14/08/17,3458670
Something Just Like This,15/08/17,3441392
Something Just Like This,16/08/17,3428613
Something Just Like This,17/08/17,3388205
Something Just Like This,18/08/17,3514567
Something Just Like This,19/08/17,3330789
Something Just Like This,20/08/17,2930431
Something Just Like This,21/08/17,3137077
Something Just Like This,22/08/17,3220089
Something Just Like This,23/08/17,3247528
Something Just Like This,24/08/17,3200638
Something Just Like This,25/08/17,3297845
Something Just Like This,26/08/17,3177570
Something Just Like This,27/08/17,2708561
Something Just Like This,28/08/17,2965292
Something Just Like This,29/08/17,3047201
Something Just Like This,30/08/17,3098976
Something Just Like This,31/08/17,3081615
Something Just Like This,01/09/17,3220023
Something Just Like This,02/09/17,3063769
Something Just Like This,03/09/17,2706883
Something Just Like This,04/09/17,2888297
Something Just Like This,05/09/17,2881964
Something Just Like This,06/09/17,2899870
Something Just Like This,07/09/17,2872544
Something Just Like This,08/09/17,2926563
Something Just Like This,09/09/17,2788193
Something Just Like This,10/09/17,2457214
Something Just Like This,11/09/17,2634210
Something Just Like This,12/09/17,2693230
Something Just Like This,13/09/17,2730972
Something Just Like This,14/09/17,2789158
Something Just Like This,15/09/17,2897776
Something Just Like This,16/09/17,2775660
Something Just Like This,17/09/17,2411478
Something Just Like This,18/09/17,2589228
Something Just Like This,19/09/17,2605795
Something Just Like This,20/09/17,2620766
Something Just Like This,21/09/17,2662157
Something Just Like This,22/09/17,2795011
Something Just Like This,23/09/17,2697447
Something Just Like This,24/09/17,2386744
Something Just Like This,25/09/17,2532344
Something Just Like This,26/09/17,2584103
Something Just Like This,27/09/17,2626524
Something Just Like This,28/09/17,2651182
Something Just Like This,29/09/17,2805798
Something Just Like This,30/09/17,2644431
Something Just Like This,01/10/17,2310057
Something Just Like This,02/10/17,2488921
Something Just Like This,03/10/17,2546028
Something Just Like This,04/10/17,2572763
Something Just Like This,05/10/17,2567514
Something Just Like This,06/10/17,2715368
Something Just Like This,07/10/17,2608568
Something Just Like This,08/10/17,2278815
Something Just Like This,09/10/17,2450972
Something Just Like This,10/10/17,2480750
Something Just Like This,11/10/17,2392039
Something Just Like This,12/10/17,2316364
Something Just Like This,13/10/17,2425219
Something Just Like This,14/10/17,2329103
Something Just Like This,15/10/17,2064846
Something Just Like This,16/10/17,2208437
Something Just Like This,17/10/17,2253347
Something Just Like This,18/10/17,2278676
Something Just Like This,19/10/17,2288116
Something Just Like This,20/10/17,2359956
Something Just Like This,21/10/17,2246145
Something Just Like This,22/10/17,1966532
Something Just Like This,23/10/17,2102072
Something Just Like This,24/10/17,2131370
Something Just Like This,25/10/17,2177538
Something Just Like This,26/10/17,2185035
Something Just Like This,27/10/17,2241455
Something Just Like This,28/10/17,2122025
Something Just Like This,29/10/17,1877896
Something Just Like This,30/10/17,2028548
Something Just Like This,31/10/17,2034408
Something Just Like This,01/11/17,1997851
Something Just Like This,02/11/17,2052542
Something Just Like This,03/11/17,2129755
Something Just Like This,04/11/17,2054355
Something Just Like This,05/11/17,1813190
Something Just Like This,06/11/17,1949896
Something Just Like This,07/11/17,2025309
Something Just Like This,08/11/17,2091348
Something Just Like This,09/11/17,2114187
Something Just Like This,10/11/17,2199808
Something Just Like This,11/11/17,2086537
Something Just Like This,12/11/17,1839484
Something Just Like This,13/11/17,1961776
Something Just Like This,14/11/17,2024536
Something Just Like This,15/11/17,2072633
Something Just Like This,16/11/17,2072885
Something Just Like This,17/11/17,2138618
Something Just Like This,18/11/17,2051539
Something Just Like This,19/11/17,1807982
Something Just Like This,20/11/17,1950981
Something Just Like This,21/11/17,1993765
Something Just Like This,22/11/17,2026582
Something Just Like This,23/11/17,1957258
Something Just Like This,24/11/17,1969707
Something Just Like This,25/11/17,1917285
Something Just Like This,26/11/17,1747479
Something Just Like This,27/11/17,1855624
Something Just Like This,28/11/17,1926842
Something Just Like This,29/11/17,1963523
Something Just Like This,30/11/17,1990808
Something Just Like This,01/12/17,1783573
Something Just Like This,02/12/17,1679101
Something Just Like This,03/12/17,1492999
Something Just Like This,04/12/17,1653213
Something Just Like This,05/12/17,2065676
Something Just Like This,06/12/17,2287838
Something Just Like This,07/12/17,2524975
Something Just Like This,08/12/17,2574826
Something Just Like This,09/12/17,2336025
Something Just Like This,10/12/17,2009351
Something Just Like This,11/12/17,2154369
Something Just Like This,12/12/17,2235475
Something Just Like This,13/12/17,2267402
Something Just Like This,14/12/17,2248060
Something Just Like This,15/12/17,2225837
Something Just Like This,16/12/17,2113797
Something Just Like This,17/12/17,1873012
Something Just Like This,18/12/17,2028347
Something Just Like This,19/12/17,2132337
Something Just Like This,20/12/17,2169795
Something Just Like This,21/12/17,2175124
Something Just Like This,22/12/17,1955405
Something Just Like This,23/12/17,1827557
Something Just Like This,24/12/17,1482265
Something Just Like This,25/12/17,1380813
Something Just Like This,26/12/17,1952557
Something Just Like This,27/12/17,2241642
Something Just Like This,28/12/17,2379535
Something Just Like This,29/12/17,2510770
Something Just Like This,30/12/17,2505685
Something Just Like This,31/12/17,3514602
Something Just Like This,01/01/18,2179506
Something Just Like This,02/01/18,2368870
Something Just Like This,03/01/18,2363422
Something Just Like This,04/01/18,2345804
Something Just Like This,05/01/18,2408365
Something Just Like This,06/01/18,2188035
Something Just Like This,07/01/18,1908129
Something Just Like This,08/01/18,2023251
Something Just Like This,09/01/18,2058016
HUMBLE.,31/03/17,5591687
HUMBLE.,01/04/17,6214676
HUMBLE.,02/04/17,5951795
HUMBLE.,03/04/17,7562327
HUMBLE.,04/04/17,7926908
HUMBLE.,05/04/17,7853640
HUMBLE.,06/04/17,7720368
HUMBLE.,07/04/17,8055220
HUMBLE.,08/04/17,7280150
HUMBLE.,09/04/17,6396104
HUMBLE.,10/04/17,7162611
HUMBLE.,11/04/17,7468021
HUMBLE.,12/04/17,7495873
HUMBLE.,13/04/17,7573209
HUMBLE.,14/04/17,13144962
HUMBLE.,15/04/17,11963789
HUMBLE.,16/04/17,10040949
HUMBLE.,17/04/17,11302669
HUMBLE.,18/04/17,11967713
HUMBLE.,19/04/17,11640174
HUMBLE.,20/04/17,11181908
HUMBLE.,21/04/17,11363409
HUMBLE.,22/04/17,10274500
HUMBLE.,23/04/17,8892731
HUMBLE.,24/04/17,10131992
HUMBLE.,25/04/17,10156513
HUMBLE.,26/04/17,10145977
HUMBLE.,27/04/17,10016786
HUMBLE.,28/04/17,10309105
HUMBLE.,29/04/17,9535829
HUMBLE.,30/04/17,8415625
HUMBLE.,01/05/17,8737383
HUMBLE.,02/05/17,9192670
HUMBLE.,03/05/17,9233418
HUMBLE.,04/05/17,9207136
HUMBLE.,05/05/17,9526065
HUMBLE.,06/05/17,8935434
HUMBLE.,07/05/17,7805942
HUMBLE.,08/05/17,8576556
HUMBLE.,09/05/17,8830985
HUMBLE.,10/05/17,8746830
HUMBLE.,11/05/17,8689326
HUMBLE.,12/05/17,9077519
HUMBLE.,13/05/17,8683478
HUMBLE.,14/05/17,7511379
HUMBLE.,15/05/17,8281634
HUMBLE.,16/05/17,8538806
HUMBLE.,17/05/17,8454767
HUMBLE.,18/05/17,8431003
HUMBLE.,19/05/17,8762806
HUMBLE.,20/05/17,8239957
HUMBLE.,21/05/17,7214077
HUMBLE.,22/05/17,7757136
HUMBLE.,23/05/17,7963927
HUMBLE.,24/05/17,8060525
HUMBLE.,25/05/17,8039395
HUMBLE.,26/05/17,8318984
HUMBLE.,27/05/17,7708217
HUMBLE.,28/05/17,6799333
HUMBLE.,29/05/17,6956411
HUMBLE.,01/06/17,7364896
HUMBLE.,03/06/17,7138376
HUMBLE.,04/06/17,6308290
HUMBLE.,05/06/17,6612172
HUMBLE.,06/06/17,6844215
HUMBLE.,07/06/17,6972281
HUMBLE.,08/06/17,6893265
HUMBLE.,09/06/17,7130699
HUMBLE.,10/06/17,6876924
HUMBLE.,11/06/17,6170861
HUMBLE.,12/06/17,6516012
HUMBLE.,13/06/17,6618499
HUMBLE.,14/06/17,6699187
HUMBLE.,15/06/17,6658054
HUMBLE.,16/06/17,6783439
HUMBLE.,17/06/17,6512488
HUMBLE.,18/06/17,5697471
HUMBLE.,19/06/17,6109417
HUMBLE.,20/06/17,6226739
HUMBLE.,21/06/17,6114166
HUMBLE.,22/06/17,5836170
HUMBLE.,23/06/17,5787698
HUMBLE.,24/06/17,5356980
HUMBLE.,25/06/17,4784760
HUMBLE.,26/06/17,5159169
HUMBLE.,27/06/17,5233342
HUMBLE.,28/06/17,5219358
HUMBLE.,29/06/17,5264616
HUMBLE.,30/06/17,5414745
HUMBLE.,01/07/17,5089295
HUMBLE.,02/07/17,4470802
HUMBLE.,03/07/17,4725057
HUMBLE.,04/07/17,4695211
HUMBLE.,05/07/17,4665841
HUMBLE.,06/07/17,4733036
HUMBLE.,07/07/17,4890511
HUMBLE.,08/07/17,4604028
HUMBLE.,09/07/17,4138663
HUMBLE.,10/07/17,4396545
HUMBLE.,11/07/17,4435075
HUMBLE.,12/07/17,4393344
HUMBLE.,13/07/17,4417653
HUMBLE.,14/07/17,4588352
HUMBLE.,15/07/17,4426203
HUMBLE.,16/07/17,3949880
HUMBLE.,17/07/17,4218110
HUMBLE.,18/07/17,4252510
HUMBLE.,19/07/17,4216456
HUMBLE.,20/07/17,4221129
HUMBLE.,21/07/17,4340508
HUMBLE.,22/07/17,4087726
HUMBLE.,23/07/17,3673824
HUMBLE.,24/07/17,3920478
HUMBLE.,25/07/17,4057663
HUMBLE.,26/07/17,4044913
HUMBLE.,27/07/17,4071007
HUMBLE.,28/07/17,4204291
HUMBLE.,29/07/17,4049163
HUMBLE.,30/07/17,3603193
HUMBLE.,31/07/17,3832712
HUMBLE.,01/08/17,3910393
HUMBLE.,02/08/17,3893299
HUMBLE.,03/08/17,3903153
HUMBLE.,04/08/17,4034865
HUMBLE.,05/08/17,3845196
HUMBLE.,06/08/17,3429417
HUMBLE.,07/08/17,3620249
HUMBLE.,08/08/17,3737388
HUMBLE.,09/08/17,3810186
HUMBLE.,10/08/17,3861148
HUMBLE.,11/08/17,3952534
HUMBLE.,12/08/17,3756727
HUMBLE.,13/08/17,3386920
HUMBLE.,14/08/17,3596980
HUMBLE.,15/08/17,3626772
HUMBLE.,16/08/17,3667274
HUMBLE.,17/08/17,3673307
HUMBLE.,18/08/17,3788165
HUMBLE.,19/08/17,3631568
HUMBLE.,20/08/17,3250541
HUMBLE.,21/08/17,3362878
HUMBLE.,22/08/17,3525272
HUMBLE.,23/08/17,3538478
HUMBLE.,24/08/17,3593733
HUMBLE.,25/08/17,3728981
HUMBLE.,26/08/17,3707354
HUMBLE.,27/08/17,3241394
HUMBLE.,28/08/17,3805542
HUMBLE.,29/08/17,3840230
HUMBLE.,30/08/17,3811893
HUMBLE.,31/08/17,3763414
HUMBLE.,01/09/17,3899350
HUMBLE.,02/09/17,3649317
HUMBLE.,03/09/17,3242651
HUMBLE.,04/09/17,3398290
HUMBLE.,05/09/17,3429361
HUMBLE.,06/09/17,3455123
HUMBLE.,07/09/17,3503719
HUMBLE.,08/09/17,3628067
HUMBLE.,09/09/17,3444938
HUMBLE.,10/09/17,3035355
HUMBLE.,11/09/17,3219538
HUMBLE.,12/09/17,3339749
HUMBLE.,13/09/17,3362267
HUMBLE.,14/09/17,3427588
HUMBLE.,15/09/17,3588348
HUMBLE.,16/09/17,3437075
HUMBLE.,17/09/17,3022022
HUMBLE.,18/09/17,3223558
HUMBLE.,19/09/17,3318253
HUMBLE.,20/09/17,3333215
HUMBLE.,21/09/17,3377269
HUMBLE.,22/09/17,3550018
HUMBLE.,23/09/17,3361464
HUMBLE.,24/09/17,2973071
HUMBLE.,25/09/17,3142953
HUMBLE.,26/09/17,3245227
HUMBLE.,27/09/17,3310160
HUMBLE.,28/09/17,3371796
HUMBLE.,29/09/17,3408516
HUMBLE.,30/09/17,3179287
HUMBLE.,01/10/17,2787820
HUMBLE.,02/10/17,3009934
HUMBLE.,03/10/17,3127029
HUMBLE.,04/10/17,3144219
HUMBLE.,05/10/17,3173822
HUMBLE.,06/10/17,3375834
HUMBLE.,07/10/17,3167155
HUMBLE.,08/10/17,2745954
HUMBLE.,09/10/17,2910896
HUMBLE.,10/10/17,2970858
HUMBLE.,11/10/17,2972495
HUMBLE.,12/10/17,3020360
HUMBLE.,13/10/17,3182271
HUMBLE.,14/10/17,2988696
HUMBLE.,15/10/17,2643346
HUMBLE.,16/10/17,2816293
HUMBLE.,17/10/17,2917406
HUMBLE.,18/10/17,2914412
HUMBLE.,19/10/17,2946116
HUMBLE.,20/10/17,3068961
HUMBLE.,21/10/17,2885641
HUMBLE.,22/10/17,2527603
HUMBLE.,23/10/17,2705348
HUMBLE.,24/10/17,2801453
HUMBLE.,25/10/17,2808765
HUMBLE.,26/10/17,2850254
HUMBLE.,27/10/17,3011551
HUMBLE.,28/10/17,2793502
HUMBLE.,29/10/17,2490961
HUMBLE.,30/10/17,2617807
HUMBLE.,31/10/17,2703940
HUMBLE.,01/11/17,2586475
HUMBLE.,02/11/17,2675831
HUMBLE.,03/11/17,2805267
HUMBLE.,04/11/17,2594979
HUMBLE.,05/11/17,2279612
HUMBLE.,06/11/17,2471080
HUMBLE.,07/11/17,2571403
HUMBLE.,08/11/17,2587832
HUMBLE.,09/11/17,2589968
HUMBLE.,10/11/17,2694944
HUMBLE.,11/11/17,2530450
HUMBLE.,12/11/17,2231423
HUMBLE.,13/11/17,2372934
HUMBLE.,14/11/17,2487216
HUMBLE.,15/11/17,2521797
HUMBLE.,16/11/17,2525020
HUMBLE.,17/11/17,2617439
HUMBLE.,18/11/17,2460020
HUMBLE.,19/11/17,2054707
HUMBLE.,20/11/17,2158850
HUMBLE.,21/11/17,2212817
HUMBLE.,22/11/17,2235130
HUMBLE.,23/11/17,2071230
HUMBLE.,24/11/17,2003743
HUMBLE.,25/11/17,1963710
HUMBLE.,26/11/17,1822490
HUMBLE.,27/11/17,1945191
HUMBLE.,28/11/17,2005434
HUMBLE.,29/11/17,2046201
HUMBLE.,30/11/17,2054789
HUMBLE.,01/12/17,2088544
HUMBLE.,02/12/17,1926955
HUMBLE.,03/12/17,1715923
HUMBLE.,04/12/17,1833301
HUMBLE.,05/12/17,2094680
HUMBLE.,06/12/17,2374910
HUMBLE.,07/12/17,2935759
HUMBLE.,08/12/17,3035211
HUMBLE.,09/12/17,2863104
HUMBLE.,10/12/17,2487852
HUMBLE.,11/12/17,2657255
HUMBLE.,12/12/17,2764066
HUMBLE.,13/12/17,2780471
HUMBLE.,14/12/17,2780681
HUMBLE.,15/12/17,2756924
HUMBLE.,16/12/17,2567140
HUMBLE.,17/12/17,2279766
HUMBLE.,18/12/17,2479225
HUMBLE.,19/12/17,2634297
HUMBLE.,20/12/17,2687930
HUMBLE.,21/12/17,2732839
HUMBLE.,22/12/17,2737098
HUMBLE.,23/12/17,2317933
HUMBLE.,24/12/17,1979313
HUMBLE.,25/12/17,1638493
HUMBLE.,26/12/17,2035487
HUMBLE.,27/12/17,2445535
HUMBLE.,28/12/17,2603003
HUMBLE.,29/12/17,2604563
HUMBLE.,30/12/17,2566709
HUMBLE.,31/12/17,2787752
HUMBLE.,01/01/18,2368321
HUMBLE.,02/01/18,2505241
HUMBLE.,03/01/18,2587620
HUMBLE.,04/01/18,2575748
HUMBLE.,05/01/18,2685857
HUMBLE.,06/01/18,2559044
HUMBLE.,07/01/18,2350985
HUMBLE.,08/01/18,2523265
HUMBLE.,09/01/18,2727678
Unforgettable,07/04/17,317011
Unforgettable,08/04/17,308838
Unforgettable,09/04/17,756145
Unforgettable,10/04/17,954504
Unforgettable,11/04/17,953037
Unforgettable,12/04/17,972755
Unforgettable,13/04/17,1047409
Unforgettable,14/04/17,1124587
Unforgettable,15/04/17,1181031
Unforgettable,16/04/17,1200146
Unforgettable,17/04/17,1469013
Unforgettable,18/04/17,1699884
Unforgettable,19/04/17,1725940
Unforgettable,20/04/17,1820033
Unforgettable,21/04/17,1953608
Unforgettable,22/04/17,1890190
Unforgettable,23/04/17,1696541
Unforgettable,24/04/17,1976553
Unforgettable,25/04/17,2105738
Unforgettable,26/04/17,2620606
Unforgettable,27/04/17,2698186
Unforgettable,28/04/17,3028343
Unforgettable,29/04/17,3191729
Unforgettable,30/04/17,2971223
Unforgettable,01/05/17,3253665
Unforgettable,02/05/17,3619296
Unforgettable,03/05/17,3759408
Unforgettable,04/05/17,3855119
Unforgettable,05/05/17,4112038
Unforgettable,06/05/17,4025107
Unforgettable,07/05/17,3598374
Unforgettable,08/05/17,4168044
Unforgettable,09/05/17,4408268
Unforgettable,10/05/17,4488334
Unforgettable,11/05/17,4339295
Unforgettable,12/05/17,4523770
Unforgettable,13/05/17,4308062
Unforgettable,14/05/17,3845575
Unforgettable,15/05/17,4441224
Unforgettable,16/05/17,4709739
Unforgettable,17/05/17,4795563
Unforgettable,18/05/17,5096004
Unforgettable,19/05/17,5292576
Unforgettable,20/05/17,5032800
Unforgettable,21/05/17,4512437
Unforgettable,22/05/17,4997624
Unforgettable,23/05/17,5109260
Unforgettable,24/05/17,5310612
Unforgettable,25/05/17,5385823
Unforgettable,26/05/17,5579455
Unforgettable,27/05/17,5189684
Unforgettable,28/05/17,4722146
Unforgettable,29/05/17,4963030
Unforgettable,01/06/17,5738504
Unforgettable,03/06/17,5700860
Unforgettable,04/06/17,5056728
Unforgettable,05/06/17,5536914
Unforgettable,06/06/17,5794155
Unforgettable,07/06/17,6040520
Unforgettable,08/06/17,6103138
Unforgettable,09/06/17,6435133
Unforgettable,10/06/17,6317618
Unforgettable,11/06/17,5633437
Unforgettable,12/06/17,6132437
Unforgettable,13/06/17,6296232
Unforgettable,14/06/17,6529679
Unforgettable,15/06/17,6539428
Unforgettable,16/06/17,6671912
Unforgettable,17/06/17,6661705
Unforgettable,18/06/17,5919580
Unforgettable,19/06/17,6479657
Unforgettable,20/06/17,6650204
Unforgettable,21/06/17,6649982
Unforgettable,22/06/17,6676589
Unforgettable,23/06/17,6760113
Unforgettable,24/06/17,6406220
Unforgettable,25/06/17,5672986
Unforgettable,26/06/17,6457472
Unforgettable,27/06/17,6561576
Unforgettable,28/06/17,6600259
Unforgettable,29/06/17,6668812
Unforgettable,30/06/17,6964822
Unforgettable,01/07/17,6686994
Unforgettable,02/07/17,5843136
Unforgettable,03/07/17,6316964
Unforgettable,04/07/17,6438641
Unforgettable,05/07/17,6618288
Unforgettable,06/07/17,6734873
Unforgettable,07/07/17,6971756
Unforgettable,08/07/17,6775806
Unforgettable,09/07/17,6030924
Unforgettable,10/07/17,6502623
Unforgettable,11/07/17,6655153
Unforgettable,12/07/17,6735165
Unforgettable,13/07/17,6889203
Unforgettable,14/07/17,7428439
Unforgettable,15/07/17,7286421
Unforgettable,16/07/17,6540054
Unforgettable,17/07/17,7202114
Unforgettable,18/07/17,7442837
Unforgettable,19/07/17,7383549
Unforgettable,20/07/17,7317581
Unforgettable,21/07/17,7483165
Unforgettable,22/07/17,7272876
Unforgettable,23/07/17,6372850
Unforgettable,24/07/17,6976951
Unforgettable,25/07/17,7142650
Unforgettable,26/07/17,7193455
Unforgettable,27/07/17,7238086
Unforgettable,28/07/17,7430381
Unforgettable,29/07/17,7177577
Unforgettable,30/07/17,6310817
Unforgettable,31/07/17,6861903
Unforgettable,01/08/17,6980911
Unforgettable,02/08/17,7002895
Unforgettable,03/08/17,7056852
Unforgettable,04/08/17,7272132
Unforgettable,05/08/17,7013793
Unforgettable,06/08/17,6148053
Unforgettable,07/08/17,6558849
Unforgettable,08/08/17,6646539
Unforgettable,09/08/17,6775658
Unforgettable,10/08/17,6834501
Unforgettable,11/08/17,7010525
Unforgettable,12/08/17,6727197
Unforgettable,13/08/17,6007073
Unforgettable,14/08/17,6522976
Unforgettable,15/08/17,6599419
Unforgettable,16/08/17,6702959
Unforgettable,17/08/17,6728231
Unforgettable,18/08/17,6917995
Unforgettable,19/08/17,6714150
Unforgettable,20/08/17,5971170
Unforgettable,21/08/17,6324038
Unforgettable,22/08/17,6557427
Unforgettable,23/08/17,6594554
Unforgettable,24/08/17,6629096
Unforgettable,25/08/17,6919821
Unforgettable,26/08/17,6735165
Unforgettable,27/08/17,5697007
Unforgettable,28/08/17,6155840
Unforgettable,29/08/17,6312760
Unforgettable,30/08/17,6261844
Unforgettable,31/08/17,6270509
Unforgettable,01/09/17,6555770
Unforgettable,02/09/17,6234713
Unforgettable,03/09/17,5455643
Unforgettable,04/09/17,5809396
Unforgettable,05/09/17,5888354
Unforgettable,06/09/17,5964207
Unforgettable,07/09/17,5976230
Unforgettable,08/09/17,6153565
Unforgettable,09/09/17,5887824
Unforgettable,10/09/17,5163668
Unforgettable,11/09/17,5567003
Unforgettable,12/09/17,5768113
Unforgettable,13/09/17,5813366
Unforgettable,14/09/17,5842846
Unforgettable,15/09/17,6085964
Unforgettable,16/09/17,5875577
Unforgettable,17/09/17,5050812
Unforgettable,18/09/17,5394894
Unforgettable,19/09/17,5498925
Unforgettable,20/09/17,5573412
Unforgettable,21/09/17,5632846
Unforgettable,22/09/17,5836533
Unforgettable,23/09/17,5588322
Unforgettable,24/09/17,4928772
Unforgettable,25/09/17,5246747
Unforgettable,26/09/17,5323218
Unforgettable,27/09/17,5369976
Unforgettable,28/09/17,5380140
Unforgettable,29/09/17,5622105
Unforgettable,30/09/17,5469318
Unforgettable,01/10/17,4669591
Unforgettable,02/10/17,5031324
Unforgettable,03/10/17,5154154
Unforgettable,04/10/17,5069708
Unforgettable,05/10/17,4804623
Unforgettable,06/10/17,5013373
Unforgettable,07/10/17,4772899
Unforgettable,08/10/17,4149464
Unforgettable,09/10/17,4322950
Unforgettable,10/10/17,4359961
Unforgettable,11/10/17,4331127
Unforgettable,12/10/17,4377235
Unforgettable,13/10/17,4716436
Unforgettable,14/10/17,4499964
Unforgettable,15/10/17,3947139
Unforgettable,16/10/17,4124168
Unforgettable,17/10/17,4193222
Unforgettable,18/10/17,4199350
Unforgettable,19/10/17,4224348
Unforgettable,20/10/17,4474331
Unforgettable,21/10/17,4321072
Unforgettable,22/10/17,3737602
Unforgettable,23/10/17,3973208
Unforgettable,24/10/17,4053813
Unforgettable,25/10/17,4097702
Unforgettable,26/10/17,4099284
Unforgettable,27/10/17,4322923
Unforgettable,28/10/17,4046255
Unforgettable,29/10/17,3545629
Unforgettable,30/10/17,3795222
Unforgettable,31/10/17,3827345
Unforgettable,01/11/17,3630529
Unforgettable,02/11/17,3747806
Unforgettable,03/11/17,3961130
Unforgettable,04/11/17,3713045
Unforgettable,05/11/17,3258038
Unforgettable,06/11/17,3465063
Unforgettable,07/11/17,3563317
Unforgettable,08/11/17,3630088
Unforgettable,09/11/17,3636623
Unforgettable,10/11/17,3841749
Unforgettable,11/11/17,3682152
Unforgettable,12/11/17,3201396
Unforgettable,13/11/17,3383654
Unforgettable,14/11/17,3522049
Unforgettable,15/11/17,3615039
Unforgettable,16/11/17,3601911
Unforgettable,17/11/17,3769327
Unforgettable,18/11/17,3650789
Unforgettable,19/11/17,3195993
Unforgettable,20/11/17,3294761
Unforgettable,21/11/17,3415188
Unforgettable,22/11/17,3510993
Unforgettable,23/11/17,3348415
Unforgettable,24/11/17,3334933
Unforgettable,25/11/17,3302385
Unforgettable,26/11/17,2960413
Unforgettable,27/11/17,3091897
Unforgettable,28/11/17,3166629
Unforgettable,29/11/17,3243320
Unforgettable,30/11/17,3228846
Unforgettable,01/12/17,3328965
Unforgettable,02/12/17,3064846
Unforgettable,03/12/17,2681287
Unforgettable,04/12/17,2832473
Unforgettable,05/12/17,2969181
Unforgettable,06/12/17,3082904
Unforgettable,07/12/17,3258200
Unforgettable,08/12/17,3379843
Unforgettable,09/12/17,3184655
Unforgettable,10/12/17,2695505
Unforgettable,11/12/17,2834333
Unforgettable,12/12/17,2963018
Unforgettable,13/12/17,2978316
Unforgettable,14/12/17,2994198
Unforgettable,15/12/17,3067124
Unforgettable,16/12/17,2723787
Unforgettable,17/12/17,2341248
Unforgettable,18/12/17,2491145
Unforgettable,19/12/17,2607727
Unforgettable,20/12/17,2664331
Unforgettable,21/12/17,2729016
Unforgettable,22/12/17,2746256
Unforgettable,23/12/17,2372778
Unforgettable,24/12/17,1998051
Unforgettable,25/12/17,1754546
Unforgettable,26/12/17,2044976
Unforgettable,27/12/17,2423038
Unforgettable,28/12/17,2668312
Unforgettable,29/12/17,2825661
Unforgettable,30/12/17,2808529
Unforgettable,31/12/17,3792953
Unforgettable,01/01/18,2537274
Unforgettable,02/01/18,2683769
Unforgettable,03/01/18,2753557
Unforgettable,04/01/18,2710101
Unforgettable,05/01/18,2869783
Unforgettable,06/01/18,2743748
Unforgettable,07/01/18,2441045
Unforgettable,08/01/18,2622693
Unforgettable,09/01/18,2627334